Corriente (A),frecuencia
1,0.10373444
1.5,0.15015015
2,0.212765957
2.5,0.23923445
3,0.3003003
3.5,0.176056338
4,0.1941747575
